timestamp,x,y,r,g,b,is_green,clicked
2025-06-06 22:03:41,1670,1000,0,0,0,False,False
2025-06-06 22:06:42,1670,1000,24,24,27,False,False
2025-06-06 22:09:42,1670,1000,24,24,27,False,False
2025-06-06 22:12:42,1670,1000,24,24,27,False,False
2025-06-06 22:15:42,1670,1000,24,24,27,False,False
2025-06-06 22:18:43,1670,1000,0,219,132,True,True
2025-06-06 22:21:43,1670,1000,24,24,27,False,False
2025-06-06 22:24:43,1670,1000,24,24,27,False,False
2025-06-06 22:27:43,1670,1000,24,24,27,False,False
2025-06-06 22:30:44,1670,1000,24,24,27,False,False
2025-06-06 22:33:44,1670,1000,92,255,190,False,False
2025-06-06 22:36:44,1670,1000,92,255,190,False,False
2025-06-06 22:39:45,1670,1000,92,255,190,False,False
2025-06-06 22:42:45,1670,1000,92,255,190,False,False
2025-06-06 22:45:45,1670,1000,92,255,190,False,False
2025-06-06 22:48:45,1670,1000,92,255,190,False,False
2025-06-06 22:51:46,1670,1000,92,255,190,False,False
2025-06-06 22:54:46,1670,1000,92,255,190,False,False
2025-06-06 22:57:46,1670,1000,92,255,190,False,False
2025-06-06 23:00:46,1670,1000,92,255,190,False,False
2025-06-06 23:03:46,1670,1000,92,255,190,False,False
2025-06-06 23:06:47,1670,1000,92,255,190,False,False
2025-06-06 23:09:47,1670,1000,92,255,190,False,False
2025-06-06 23:12:47,1670,1000,92,255,190,False,False
2025-06-06 23:15:47,1670,1000,92,255,190,False,False
2025-06-06 23:18:48,1670,1000,92,255,190,False,False
2025-06-06 23:21:48,1670,1000,92,255,190,False,False
2025-06-06 23:24:48,1670,1000,92,255,190,False,False
2025-06-06 23:27:48,1670,1000,92,255,190,False,False
2025-06-06 23:30:49,1670,1000,92,255,190,False,False
2025-06-06 23:33:49,1670,1000,92,255,190,False,False
2025-06-06 23:36:49,1670,1000,92,255,190,False,False
2025-06-06 23:39:49,1670,1000,92,255,190,False,False
2025-06-06 23:42:49,1670,1000,92,255,190,False,False
2025-06-06 23:45:50,1670,1000,92,255,190,False,False
2025-06-06 23:48:50,1670,1000,92,255,190,False,False
2025-06-06 23:51:50,1670,1000,92,255,190,False,False
2025-06-06 23:54:51,1670,1000,92,255,190,False,False
2025-06-06 23:57:51,1670,1000,92,255,190,False,False
2025-06-07 00:00:51,1670,1000,92,255,190,False,False
2025-06-07 00:03:51,1670,1000,92,255,190,False,False
2025-06-07 00:06:51,1670,1000,92,255,190,False,False
2025-06-07 00:09:52,1670,1000,92,255,190,False,False
2025-06-07 15:07:07,1670,1000,0,0,0,False,False
2025-06-07 15:10:07,1670,1000,24,24,27,False,False
2025-06-07 15:13:07,1670,1000,24,24,27,False,False
2025-06-07 15:16:07,1670,1000,24,24,27,False,False
2025-06-07 15:19:08,1670,1000,0,219,132,True,True
2025-06-07 15:22:08,1670,1000,24,24,27,False,False
2025-06-07 15:25:08,1670,1000,24,24,27,False,False
2025-06-07 15:28:08,1670,1000,24,24,27,False,False
2025-06-07 15:31:09,1670,1000,24,24,27,False,False
2025-06-07 15:34:09,1670,1000,92,255,190,True,True
2025-06-07 15:37:09,1670,1000,24,24,27,False,False
2025-06-07 15:40:09,1670,1000,24,24,27,False,False
2025-06-07 15:43:10,1670,1000,24,24,27,False,False
2025-06-08 01:19:55,1670,1000,14,14,16,False,False
2025-06-08 01:22:56,1670,1000,0,219,132,True,True
2025-06-08 01:25:56,1670,1000,24,24,27,False,False
2025-06-08 01:28:56,1670,1000,24,24,27,False,False
2025-06-08 01:31:57,1670,1000,24,24,27,False,False
2025-06-08 01:34:57,1670,1000,24,24,27,False,False
2025-06-08 01:37:57,1670,1000,92,255,190,True,True
2025-06-08 01:40:58,1670,1000,24,24,27,False,False
2025-06-08 01:43:58,1670,1000,24,24,27,False,False
2025-06-08 01:46:58,1670,1000,24,24,27,False,False
2025-06-08 01:49:58,1670,1000,24,24,27,False,False
2025-06-08 01:52:59,1670,1000,92,255,190,True,True
2025-06-08 01:55:59,1670,1000,24,24,27,False,False
2025-06-08 01:58:59,1670,1000,24,24,27,False,False
2025-06-08 02:01:59,1670,1000,24,24,27,False,False
2025-06-08 02:05:00,1670,1000,24,24,27,False,False
2025-06-08 02:08:00,1670,1000,92,255,190,True,True
2025-06-08 02:11:00,1670,1000,24,24,27,False,False
2025-06-08 02:14:01,1670,1000,24,24,27,False,False
2025-06-08 02:17:01,1670,1000,24,24,27,False,False
2025-06-08 02:20:01,1670,1000,24,24,27,False,False
2025-06-08 02:23:01,1670,1000,92,255,190,True,True
2025-06-08 02:26:02,1670,1000,24,24,27,False,False
2025-06-08 02:29:02,1670,1000,24,24,27,False,False
2025-06-08 02:32:02,1670,1000,24,24,27,False,False
2025-06-08 02:35:02,1670,1000,24,24,27,False,False
2025-06-08 02:38:03,1670,1000,92,255,190,True,True
2025-06-08 02:41:03,1670,1000,24,24,27,False,False
2025-06-08 02:44:03,1670,1000,24,24,27,False,False
2025-06-08 02:47:03,1670,1000,24,24,27,False,False
2025-06-08 02:50:04,1670,1000,24,24,27,False,False
2025-06-08 02:53:04,1670,1000,92,255,190,True,True
2025-06-08 02:56:04,1670,1000,24,24,27,False,False
2025-06-08 02:59:05,1670,1000,24,24,27,False,False
2025-06-08 03:02:05,1670,1000,24,24,27,False,False
2025-06-08 03:05:05,1670,1000,24,24,27,False,False
2025-06-10 23:14:36,1670,1000,26,21,27,False,False
2025-06-10 23:17:36,1670,1000,24,25,22,False,False
2025-06-10 23:20:37,1670,1000,244,246,246,False,False
2025-06-10 23:23:37,1670,1000,24,24,27,False,False
2025-06-10 23:26:37,1670,1000,24,24,27,False,False
2025-06-10 23:29:37,1670,1000,0,219,132,True,True
2025-06-10 23:32:38,1670,1000,24,24,27,False,False
2025-06-10 23:35:38,1670,1000,24,24,27,False,False
2025-06-10 23:38:38,1670,1000,24,24,27,False,False
2025-06-10 23:41:39,1670,1000,24,24,27,False,False
2025-06-10 23:44:39,1670,1000,157,157,158,False,False
2025-06-16 17:37:42,1670,1000,0,0,0,False,False
2025-06-16 17:40:43,1670,1000,24,24,27,False,False
2025-06-16 17:43:43,1670,1000,24,24,27,False,False
2025-06-16 17:46:43,1670,1000,24,24,27,False,False
2025-06-16 17:49:43,1670,1000,24,24,27,False,False
2025-06-16 17:52:43,1670,1000,0,219,132,True,True
2025-06-16 17:55:44,1670,1000,53,53,59,False,False
2025-06-16 17:58:44,1670,1000,53,53,59,False,False
2025-06-16 18:01:45,1670,1000,53,53,59,False,False
2025-06-16 18:04:45,1670,1000,53,53,59,False,False
2025-06-16 18:07:45,1670,1000,92,255,190,True,True
2025-06-16 18:10:45,1670,1000,53,53,59,False,False
2025-06-16 18:13:46,1670,1000,53,53,59,False,False
2025-06-16 18:16:46,1670,1000,53,53,59,False,False
2025-06-16 18:19:46,1670,1000,53,53,59,False,False
2025-06-19 17:34:47,1670,1000,0,0,0,False,False
2025-06-19 17:37:47,1670,1000,24,24,27,False,False
2025-06-19 17:40:47,1670,1000,24,24,27,False,False
2025-06-19 17:43:47,1670,1000,24,24,27,False,False
2025-06-19 17:46:48,1670,1000,24,24,27,False,False
2025-06-19 17:49:48,1670,1000,157,157,158,False,False
2025-06-19 17:52:48,1670,1000,157,157,158,False,False
2025-06-19 17:55:48,1670,1000,157,157,158,False,False
2025-06-19 17:58:49,1670,1000,157,157,158,False,False
2025-06-19 18:01:49,1670,1000,157,157,158,False,False
2025-06-19 18:04:49,1670,1000,157,157,158,False,False
2025-06-19 18:07:50,1670,1000,157,157,158,False,False
2025-06-19 18:10:50,1670,1000,157,157,158,False,False
<<<<<<< HEAD
2025-06-25 10:00:12,1670,1000,24,24,24,False,False
2025-06-25 10:01:13,1670,1000,24,24,27,False,False
2025-06-25 10:02:13,1670,1000,24,24,27,False,False
2025-06-25 10:03:13,1670,1000,24,24,27,False,False
2025-06-25 10:04:13,1670,1000,24,24,27,False,False
2025-06-25 10:05:14,1670,1000,24,24,27,False,False
2025-06-25 10:06:14,1670,1000,24,24,27,False,False
2025-06-25 10:07:14,1670,1000,24,24,27,False,False
2025-06-25 10:08:14,1670,1000,24,24,27,False,False
2025-06-25 10:09:15,1670,1000,24,24,27,False,False
2025-06-25 10:10:15,1670,1000,24,24,27,False,False
2025-06-25 10:11:15,1670,1000,24,24,27,False,False
2025-06-25 10:12:15,1670,1000,24,24,27,False,False
2025-06-25 10:13:16,1670,1000,24,24,27,False,False
2025-06-25 10:14:16,1670,1000,33,33,33,False,False
2025-06-25 10:15:16,1670,1000,239,218,245,False,False
2025-06-25 10:16:16,1670,1000,31,31,31,False,False
2025-06-25 10:17:17,1670,1000,28,17,54,False,False
2025-06-25 10:18:17,1670,1000,58,84,60,False,False
2025-06-25 10:19:17,1670,1000,67,41,9,False,False
2025-06-25 10:20:17,1670,1000,65,42,10,False,False
2025-06-25 10:21:18,1670,1000,0,0,0,False,False
2025-06-25 10:22:18,1670,1000,28,24,18,False,False
2025-06-25 10:23:18,1670,1000,28,24,18,False,False
2025-06-25 10:24:18,1670,1000,28,24,18,False,False
2025-06-25 10:25:18,1670,1000,0,0,0,False,False
2025-06-25 10:26:19,1670,1000,28,24,18,False,False
2025-06-25 10:27:19,1670,1000,28,24,18,False,False
2025-06-25 10:28:19,1670,1000,28,24,18,False,False
2025-06-25 10:29:20,1670,1000,17,15,14,False,False
2025-06-25 10:30:20,1670,1000,17,15,14,False,False
2025-06-25 10:31:20,1670,1000,17,15,14,False,False
2025-06-25 10:32:21,1670,1000,17,15,14,False,False
2025-06-25 10:33:21,1670,1000,17,15,14,False,False
2025-06-25 10:34:25,1670,1000,0,0,0,False,False
2025-06-25 10:35:25,1670,1000,0,0,0,False,False
2025-06-25 10:36:40,1670,1000,0,0,0,False,False
2025-06-25 10:50:52,1670,1000,33,24,56,False,False
2025-06-25 10:51:52,1670,1000,196,174,172,False,False
2025-06-25 10:52:52,1670,1000,51,47,48,False,False
2025-06-25 10:55:47,1670,1000,31,31,31,False,False
2025-06-25 10:56:47,1670,1000,49,45,59,False,False
2025-06-25 10:57:47,1670,1000,177,162,127,False,False
=======
2025-06-24 23:39:24,1670,1000,32,32,32,False,False
2025-06-24 23:42:24,1670,1000,24,24,27,False,False
2025-06-25 10:17:23,1670,1000,24,24,27,False,False
2025-06-25 10:18:23,1670,1000,24,24,27,False,False
2025-06-25 10:19:23,1670,1000,24,24,27,False,False
2025-06-25 10:20:24,1670,1000,24,24,27,False,False
2025-06-25 10:21:24,1670,1000,24,24,27,False,False
2025-06-25 10:22:24,1670,1000,24,24,27,False,False
2025-06-25 10:23:24,1670,1000,24,24,27,False,False
2025-06-25 10:24:25,1670,1000,24,24,27,False,False
2025-06-25 10:25:25,1670,1000,24,24,27,False,False
2025-06-25 10:26:25,1670,1000,24,24,27,False,False
2025-06-25 10:27:25,1670,1000,24,24,27,False,False
2025-06-25 10:28:25,1670,1000,24,24,27,False,False
2025-06-25 10:29:26,1670,1000,24,24,27,False,False
2025-06-25 10:30:26,1670,1000,0,219,132,True,True
2025-06-25 10:31:26,1670,1000,53,53,59,False,False
2025-06-25 10:32:26,1670,1000,53,53,59,False,False
2025-06-25 10:33:26,1670,1000,53,53,59,False,False
2025-06-25 10:34:27,1670,1000,53,53,59,False,False
2025-06-25 10:35:27,1670,1000,53,53,59,False,False
2025-06-25 10:36:27,1670,1000,53,53,59,False,False
2025-06-25 10:37:27,1670,1000,53,53,59,False,False
2025-06-25 10:38:28,1670,1000,53,53,59,False,False
2025-06-25 10:39:28,1670,1000,53,53,59,False,False
2025-06-25 10:40:28,1670,1000,53,53,59,False,False
2025-06-25 10:41:28,1670,1000,53,53,59,False,False
2025-06-25 10:42:28,1670,1000,53,53,59,False,False
2025-06-25 10:43:29,1670,1000,53,53,59,False,False
2025-06-25 10:44:29,1670,1000,53,53,59,False,False
2025-06-25 10:45:29,1670,1000,92,255,190,True,True
2025-06-25 10:46:29,1670,1000,53,53,59,False,False
2025-06-25 10:47:29,1670,1000,53,53,59,False,False
2025-06-25 10:48:30,1670,1000,53,53,59,False,False
2025-06-25 10:49:30,1670,1000,53,53,59,False,False
2025-06-25 10:50:30,1670,1000,53,53,59,False,False
2025-06-25 10:51:30,1670,1000,53,53,59,False,False
2025-06-25 10:52:31,1670,1000,53,53,59,False,False
2025-06-25 10:53:31,1670,1000,53,53,59,False,False
2025-06-25 10:54:31,1670,1000,53,53,59,False,False
2025-06-25 10:55:31,1670,1000,53,53,59,False,False
2025-06-25 10:56:31,1670,1000,53,53,59,False,False
2025-06-25 10:57:32,1670,1000,53,53,59,False,False
2025-06-25 10:58:32,1670,1000,53,53,59,False,False
2025-06-25 10:59:32,1670,1000,53,53,59,False,False
2025-06-25 11:00:32,1670,1000,92,255,190,True,True
2025-06-25 11:01:32,1670,1000,53,53,59,False,False
2025-06-25 11:02:33,1670,1000,53,53,59,False,False
2025-06-25 11:03:33,1670,1000,53,53,59,False,False
2025-06-25 11:04:33,1670,1000,53,53,59,False,False
2025-06-25 11:05:33,1670,1000,53,53,59,False,False
2025-06-25 11:06:34,1670,1000,53,53,59,False,False
2025-06-25 11:07:34,1670,1000,53,53,59,False,False
2025-06-25 11:08:34,1670,1000,53,53,59,False,False
2025-06-25 11:09:34,1670,1000,53,53,59,False,False
2025-06-25 11:10:34,1670,1000,53,53,59,False,False
2025-06-25 11:11:35,1670,1000,53,53,59,False,False
2025-06-25 11:12:35,1670,1000,53,53,59,False,False
2025-06-25 11:13:35,1670,1000,53,53,59,False,False
2025-06-25 11:14:35,1670,1000,53,53,59,False,False
2025-06-25 11:15:35,1670,1000,92,255,190,True,True
2025-06-25 11:16:36,1670,1000,53,53,59,False,False
2025-06-25 11:17:36,1670,1000,53,53,59,False,False
2025-06-25 11:18:36,1670,1000,53,53,59,False,False
2025-06-25 11:19:36,1670,1000,53,53,59,False,False
2025-06-25 11:20:37,1670,1000,53,53,59,False,False
2025-06-25 11:21:37,1670,1000,53,53,59,False,False
2025-06-25 11:22:37,1670,1000,53,53,59,False,False
2025-06-25 11:23:37,1670,1000,53,53,59,False,False
2025-06-25 11:24:37,1670,1000,53,53,59,False,False
2025-06-25 11:25:38,1670,1000,53,53,59,False,False
2025-06-25 11:26:38,1670,1000,53,53,59,False,False
2025-06-25 11:27:38,1670,1000,53,53,59,False,False
2025-06-25 11:28:38,1670,1000,53,53,59,False,False
2025-06-25 11:29:38,1670,1000,53,53,59,False,False
2025-06-25 11:30:39,1670,1000,92,255,190,True,True
2025-06-25 11:31:39,1670,1000,53,53,59,False,False
2025-06-25 11:32:39,1670,1000,53,53,59,False,False
2025-06-25 11:33:39,1670,1000,53,53,59,False,False
2025-06-25 11:34:40,1670,1000,53,53,59,False,False
2025-06-25 11:35:40,1670,1000,53,53,59,False,False
2025-06-25 11:36:40,1670,1000,53,53,59,False,False
2025-06-25 11:37:40,1670,1000,53,53,59,False,False
2025-06-25 11:38:40,1670,1000,53,53,59,False,False
2025-06-25 11:39:41,1670,1000,53,53,59,False,False
2025-06-25 11:40:41,1670,1000,53,53,59,False,False
2025-06-25 11:41:41,1670,1000,53,53,59,False,False
2025-06-25 11:42:41,1670,1000,53,53,59,False,False
2025-06-25 11:43:41,1670,1000,53,53,59,False,False
2025-06-25 11:44:42,1670,1000,53,53,59,False,False
2025-06-25 11:45:42,1670,1000,92,255,190,True,True
2025-06-25 11:46:42,1670,1000,53,53,59,False,False
2025-06-25 11:47:42,1670,1000,53,53,59,False,False
2025-06-25 11:48:43,1670,1000,53,53,59,False,False
2025-06-25 11:49:43,1670,1000,24,24,27,False,False
2025-06-25 11:50:43,1670,1000,53,53,59,False,False
2025-06-25 11:51:43,1670,1000,53,53,59,False,False
2025-06-25 11:52:43,1670,1000,53,53,59,False,False
2025-06-25 11:53:44,1670,1000,53,53,59,False,False
2025-06-25 11:54:44,1670,1000,24,24,27,False,False
2025-06-25 11:55:44,1670,1000,53,53,59,False,False
2025-06-25 11:56:44,1670,1000,53,53,59,False,False
2025-06-25 11:57:44,1670,1000,53,53,59,False,False
2025-06-25 11:58:45,1670,1000,53,53,59,False,False
2025-06-25 11:59:45,1670,1000,24,24,27,False,False
2025-06-25 12:00:45,1670,1000,92,255,190,True,True
2025-06-25 12:01:45,1670,1000,53,53,59,False,False
2025-06-25 12:02:46,1670,1000,53,53,59,False,False
2025-06-25 12:03:46,1670,1000,53,53,59,False,False
2025-06-25 12:04:46,1670,1000,24,24,27,False,False
2025-06-25 12:05:46,1670,1000,53,53,59,False,False
2025-06-25 12:06:46,1670,1000,53,53,59,False,False
2025-06-25 12:07:47,1670,1000,53,53,59,False,False
2025-06-25 12:08:47,1670,1000,53,53,59,False,False
2025-06-25 12:09:47,1670,1000,53,53,59,False,False
2025-06-25 12:10:47,1670,1000,53,53,59,False,False
2025-06-25 12:11:47,1670,1000,53,53,59,False,False
2025-06-25 12:12:48,1670,1000,53,53,59,False,False
2025-06-25 12:13:48,1670,1000,53,53,59,False,False
2025-06-25 12:14:48,1670,1000,92,255,190,True,True
2025-06-25 12:15:48,1670,1000,53,53,59,False,False
2025-06-25 12:16:49,1670,1000,53,53,59,False,False
2025-06-25 12:17:49,1670,1000,53,53,59,False,False
2025-06-25 12:18:49,1670,1000,53,53,59,False,False
2025-06-25 12:19:49,1670,1000,53,53,59,False,False
2025-06-25 12:20:49,1670,1000,53,53,59,False,False
2025-06-25 12:21:50,1670,1000,53,53,59,False,False
2025-06-25 12:22:50,1670,1000,53,53,59,False,False
2025-06-25 12:23:50,1670,1000,53,53,59,False,False
2025-06-25 12:24:50,1670,1000,53,53,59,False,False
2025-06-25 12:25:51,1670,1000,53,53,59,False,False
2025-06-25 12:26:51,1670,1000,53,53,59,False,False
2025-06-25 12:27:51,1670,1000,53,53,59,False,False
2025-06-25 12:28:51,1670,1000,53,53,59,False,False
2025-06-25 12:29:51,1670,1000,92,255,190,True,True
2025-06-25 12:30:52,1670,1000,53,53,59,False,False
2025-06-25 12:31:52,1670,1000,53,53,59,False,False
2025-06-25 12:32:52,1670,1000,53,53,59,False,False
2025-06-25 12:33:52,1670,1000,53,53,59,False,False
2025-06-25 12:34:53,1670,1000,53,53,59,False,False
2025-06-25 12:35:53,1670,1000,53,53,59,False,False
2025-06-25 12:36:53,1670,1000,53,53,59,False,False
2025-06-25 12:37:53,1670,1000,53,53,59,False,False
2025-06-25 12:38:53,1670,1000,53,53,59,False,False
2025-06-25 12:39:54,1670,1000,53,53,59,False,False
2025-06-25 12:40:54,1670,1000,53,53,59,False,False
2025-06-25 12:41:54,1670,1000,53,53,59,False,False
2025-06-25 12:42:54,1670,1000,53,53,59,False,False
2025-06-25 12:43:54,1670,1000,53,53,59,False,False
2025-06-25 12:44:55,1670,1000,92,255,190,True,True
2025-06-25 12:45:55,1670,1000,53,53,59,False,False
2025-06-25 12:46:55,1670,1000,53,53,59,False,False
2025-06-25 12:47:55,1670,1000,53,53,59,False,False
2025-06-25 12:48:56,1670,1000,53,53,59,False,False
2025-06-25 12:49:56,1670,1000,53,53,59,False,False
2025-06-25 12:50:56,1670,1000,53,53,59,False,False
2025-06-25 12:51:56,1670,1000,53,53,59,False,False
2025-06-25 12:52:56,1670,1000,53,53,59,False,False
2025-06-25 12:53:57,1670,1000,53,53,59,False,False
2025-06-25 12:54:57,1670,1000,53,53,59,False,False
2025-06-25 12:55:57,1670,1000,53,53,59,False,False
2025-06-25 12:56:57,1670,1000,53,53,59,False,False
2025-06-25 12:57:57,1670,1000,53,53,59,False,False
2025-06-25 12:58:58,1670,1000,53,53,59,False,False
2025-06-25 12:59:58,1670,1000,92,255,190,True,True
2025-06-25 13:00:58,1670,1000,53,53,59,False,False
2025-06-25 13:01:58,1670,1000,24,24,27,False,False
2025-06-25 13:02:59,1670,1000,24,24,27,False,False
2025-06-25 13:03:59,1670,1000,24,24,27,False,False
2025-06-25 13:04:59,1670,1000,24,24,27,False,False
2025-06-25 13:05:59,1670,1000,24,24,27,False,False
2025-06-25 13:06:59,1670,1000,24,24,27,False,False
2025-06-25 13:08:00,1670,1000,24,24,27,False,False
2025-06-25 13:09:00,1670,1000,24,24,27,False,False
2025-06-25 13:10:00,1670,1000,24,24,27,False,False
2025-06-25 13:11:00,1670,1000,24,24,27,False,False
2025-06-25 13:12:01,1670,1000,24,24,27,False,False
2025-06-25 13:13:01,1670,1000,24,24,27,False,False
2025-06-25 13:14:01,1670,1000,24,24,27,False,False
2025-06-25 13:15:01,1670,1000,0,219,132,True,True
2025-06-25 13:16:02,1670,1000,53,53,59,False,False
2025-06-25 13:17:02,1670,1000,53,53,59,False,False
2025-06-25 13:18:02,1670,1000,53,53,59,False,False
2025-06-25 13:19:02,1670,1000,53,53,59,False,False
2025-06-25 13:20:02,1670,1000,53,53,59,False,False
2025-06-25 13:21:03,1670,1000,53,53,59,False,False
2025-06-25 13:22:03,1670,1000,53,53,59,False,False
2025-06-25 13:23:03,1670,1000,53,53,59,False,False
2025-06-25 13:24:03,1670,1000,53,53,59,False,False
2025-06-25 13:25:03,1670,1000,53,53,59,False,False
2025-06-25 13:26:04,1670,1000,53,53,59,False,False
2025-06-25 13:27:04,1670,1000,24,24,27,False,False
2025-06-25 13:28:04,1670,1000,24,24,27,False,False
2025-06-25 13:29:04,1670,1000,239,218,244,False,False
2025-06-25 13:30:04,1670,1000,0,219,132,True,True
2025-06-25 13:31:05,1670,1000,53,53,59,False,False
2025-06-25 13:32:05,1670,1000,53,53,59,False,False
2025-06-25 13:33:05,1670,1000,53,53,59,False,False
2025-06-25 13:34:05,1670,1000,53,53,59,False,False
2025-06-25 13:35:06,1670,1000,53,53,59,False,False
2025-06-25 13:36:06,1670,1000,53,53,59,False,False
2025-06-25 13:37:06,1670,1000,53,53,59,False,False
2025-06-25 13:38:06,1670,1000,53,53,59,False,False
2025-06-25 13:39:06,1670,1000,53,53,59,False,False
2025-06-25 13:40:07,1670,1000,53,53,59,False,False
2025-06-25 13:41:07,1670,1000,53,53,59,False,False
2025-06-25 13:42:07,1670,1000,53,53,59,False,False
2025-06-25 13:43:07,1670,1000,53,53,59,False,False
2025-06-25 13:44:08,1670,1000,53,53,59,False,False
2025-06-25 13:45:08,1670,1000,92,255,190,True,True
2025-06-25 13:46:08,1670,1000,53,53,59,False,False
2025-06-25 13:47:08,1670,1000,53,53,59,False,False
2025-06-25 13:48:08,1670,1000,53,53,59,False,False
2025-06-25 13:49:09,1670,1000,53,53,59,False,False
2025-06-25 13:50:09,1670,1000,53,53,59,False,False
2025-06-25 13:51:09,1670,1000,53,53,59,False,False
2025-06-25 13:52:09,1670,1000,53,53,59,False,False
2025-06-25 13:53:09,1670,1000,53,53,59,False,False
2025-06-25 13:54:10,1670,1000,53,53,59,False,False
2025-06-25 13:55:10,1670,1000,53,53,59,False,False
2025-06-25 13:56:10,1670,1000,53,53,59,False,False
2025-06-25 13:57:10,1670,1000,53,53,59,False,False
2025-06-25 13:58:11,1670,1000,53,53,59,False,False
2025-06-25 13:59:11,1670,1000,53,53,59,False,False
2025-06-25 14:00:11,1670,1000,92,255,190,True,True
2025-06-25 14:01:11,1670,1000,53,53,59,False,False
2025-06-25 14:02:11,1670,1000,53,53,59,False,False
2025-06-25 14:03:12,1670,1000,53,53,59,False,False
2025-06-25 14:04:12,1670,1000,53,53,59,False,False
2025-06-25 14:05:12,1670,1000,24,24,27,False,False
2025-06-25 14:06:12,1670,1000,53,53,59,False,False
2025-06-25 14:07:13,1670,1000,53,53,59,False,False
2025-06-25 14:08:13,1670,1000,53,53,59,False,False
2025-06-25 14:09:13,1670,1000,53,53,59,False,False
2025-06-25 14:10:13,1670,1000,53,53,59,False,False
2025-06-25 14:11:13,1670,1000,53,53,59,False,False
2025-06-25 14:12:14,1670,1000,53,53,59,False,False
2025-06-25 14:13:14,1670,1000,53,53,59,False,False
2025-06-25 14:14:14,1670,1000,53,53,59,False,False
2025-06-25 14:15:14,1670,1000,92,255,190,True,True
2025-06-25 14:16:15,1670,1000,53,53,59,False,False
2025-06-25 14:17:15,1670,1000,53,53,59,False,False
2025-06-25 14:18:15,1670,1000,53,53,59,False,False
2025-06-25 14:19:15,1670,1000,53,53,59,False,False
2025-06-25 14:20:15,1670,1000,53,53,59,False,False
2025-06-25 14:21:16,1670,1000,53,53,59,False,False
2025-06-25 14:22:16,1670,1000,53,53,59,False,False
2025-06-25 14:23:16,1670,1000,53,53,59,False,False
2025-06-25 14:24:16,1670,1000,53,53,59,False,False
2025-06-25 14:25:16,1670,1000,53,53,59,False,False
2025-06-25 14:26:17,1670,1000,53,53,59,False,False
2025-06-25 14:27:17,1670,1000,53,53,59,False,False
2025-06-25 14:28:17,1670,1000,53,53,59,False,False
2025-06-25 14:29:17,1670,1000,53,53,59,False,False
2025-06-25 14:30:17,1670,1000,92,255,190,True,True
2025-06-25 14:31:18,1670,1000,53,53,59,False,False
2025-06-25 14:32:18,1670,1000,53,53,59,False,False
2025-06-25 14:33:18,1670,1000,53,53,59,False,False
2025-06-25 14:34:18,1670,1000,53,53,59,False,False
2025-06-25 14:35:19,1670,1000,53,53,59,False,False
2025-06-25 14:36:19,1670,1000,53,53,59,False,False
2025-06-25 14:37:19,1670,1000,53,53,59,False,False
2025-06-25 14:38:19,1670,1000,53,53,59,False,False
2025-06-25 14:39:19,1670,1000,53,53,59,False,False
2025-06-25 14:40:20,1670,1000,53,53,59,False,False
2025-06-25 14:41:20,1670,1000,53,53,59,False,False
2025-06-25 14:42:20,1670,1000,53,53,59,False,False
2025-06-25 14:43:20,1670,1000,53,53,59,False,False
2025-06-25 14:44:21,1670,1000,53,53,59,False,False
2025-06-25 14:45:21,1670,1000,92,255,190,True,True
2025-06-25 14:46:21,1670,1000,53,53,59,False,False
2025-06-25 14:47:21,1670,1000,53,53,59,False,False
2025-06-25 14:48:21,1670,1000,53,53,59,False,False
2025-06-25 14:49:22,1670,1000,53,53,59,False,False
2025-06-25 14:50:22,1670,1000,53,53,59,False,False
2025-06-25 14:51:22,1670,1000,53,53,59,False,False
2025-06-25 14:52:22,1670,1000,53,53,59,False,False
2025-06-25 14:53:23,1670,1000,53,53,59,False,False
2025-06-25 14:54:23,1670,1000,53,53,59,False,False
2025-06-25 14:55:23,1670,1000,53,53,59,False,False
2025-06-25 14:56:23,1670,1000,53,53,59,False,False
2025-06-25 14:57:23,1670,1000,53,53,59,False,False
2025-06-25 14:58:24,1670,1000,53,53,59,False,False
2025-06-25 14:59:24,1670,1000,53,53,59,False,False
2025-06-25 15:00:24,1670,1000,92,255,190,True,True
2025-06-25 15:01:24,1670,1000,53,53,59,False,False
2025-06-25 15:02:24,1670,1000,53,53,59,False,False
2025-06-25 15:03:25,1670,1000,53,53,59,False,False
2025-06-25 15:04:25,1670,1000,53,53,59,False,False
2025-06-25 15:05:25,1670,1000,53,53,59,False,False
2025-06-25 15:06:25,1670,1000,53,53,59,False,False
2025-06-25 15:07:26,1670,1000,53,53,59,False,False
2025-06-25 15:08:26,1670,1000,53,53,59,False,False
2025-06-25 15:09:26,1670,1000,53,53,59,False,False
2025-06-25 15:10:26,1670,1000,53,53,59,False,False
2025-06-25 15:11:26,1670,1000,53,53,59,False,False
2025-06-25 15:12:27,1670,1000,53,53,59,False,False
2025-06-25 15:13:27,1670,1000,53,53,59,False,False
2025-06-25 15:14:27,1670,1000,53,53,59,False,False
2025-06-25 15:15:27,1670,1000,92,255,190,True,True
2025-06-25 15:16:27,1670,1000,53,53,59,False,False
2025-06-25 15:17:28,1670,1000,53,53,59,False,False
2025-06-25 15:18:28,1670,1000,53,53,59,False,False
2025-06-25 15:19:28,1670,1000,53,53,59,False,False
2025-06-25 15:20:28,1670,1000,53,53,59,False,False
2025-06-25 15:21:29,1670,1000,53,53,59,False,False
2025-06-25 15:22:29,1670,1000,53,53,59,False,False
2025-06-25 15:23:29,1670,1000,53,53,59,False,False
2025-06-25 15:24:29,1670,1000,53,53,59,False,False
2025-06-25 15:25:29,1670,1000,53,53,59,False,False
2025-06-25 15:26:30,1670,1000,53,53,59,False,False
2025-06-25 15:27:30,1670,1000,53,53,59,False,False
2025-06-25 15:28:30,1670,1000,53,53,59,False,False
2025-06-25 15:29:30,1670,1000,53,53,59,False,False
2025-06-25 15:30:30,1670,1000,92,255,190,True,True
2025-06-25 15:31:31,1670,1000,53,53,59,False,False
2025-06-25 15:32:31,1670,1000,53,53,59,False,False
2025-06-25 15:33:31,1670,1000,53,53,59,False,False
2025-06-25 15:34:31,1670,1000,53,53,59,False,False
2025-06-25 15:35:32,1670,1000,53,53,59,False,False
2025-06-25 15:36:32,1670,1000,53,53,59,False,False
2025-06-25 15:37:32,1670,1000,53,53,59,False,False
2025-06-25 15:38:32,1670,1000,53,53,59,False,False
2025-06-25 15:39:32,1670,1000,53,53,59,False,False
2025-06-25 15:40:33,1670,1000,53,53,59,False,False
2025-06-25 15:41:33,1670,1000,53,53,59,False,False
2025-06-25 15:42:33,1670,1000,53,53,59,False,False
2025-06-25 15:43:33,1670,1000,53,53,59,False,False
2025-06-25 15:44:33,1670,1000,53,53,59,False,False
2025-06-25 15:45:34,1670,1000,92,255,190,True,True
2025-06-25 15:46:34,1670,1000,53,53,59,False,False
2025-06-25 15:47:34,1670,1000,53,53,59,False,False
2025-06-25 15:48:34,1670,1000,53,53,59,False,False
2025-06-25 15:49:35,1670,1000,53,53,59,False,False
2025-06-25 15:50:35,1670,1000,53,53,59,False,False
2025-06-25 15:51:35,1670,1000,53,53,59,False,False
2025-06-25 15:52:35,1670,1000,53,53,59,False,False
2025-06-25 15:53:35,1670,1000,53,53,59,False,False
2025-06-25 15:54:36,1670,1000,53,53,59,False,False
2025-06-25 15:55:36,1670,1000,53,53,59,False,False
2025-06-25 15:56:36,1670,1000,53,53,59,False,False
2025-06-25 15:57:36,1670,1000,53,53,59,False,False
2025-06-25 15:58:36,1670,1000,53,53,59,False,False
2025-06-25 15:59:37,1670,1000,53,53,59,False,False
2025-06-25 16:00:37,1670,1000,92,255,190,True,True
2025-06-25 16:01:37,1670,1000,53,53,59,False,False
2025-06-25 16:02:37,1670,1000,53,53,59,False,False
2025-06-25 16:03:38,1670,1000,53,53,59,False,False
2025-06-25 16:04:38,1670,1000,53,53,59,False,False
2025-06-25 16:05:38,1670,1000,53,53,59,False,False
2025-06-25 16:06:38,1670,1000,53,53,59,False,False
2025-06-25 16:07:38,1670,1000,53,53,59,False,False
2025-06-25 16:08:39,1670,1000,53,53,59,False,False
2025-06-25 16:09:39,1670,1000,53,53,59,False,False
2025-06-25 16:10:39,1670,1000,53,53,59,False,False
2025-06-25 16:11:39,1670,1000,53,53,59,False,False
2025-06-25 16:12:40,1670,1000,53,53,59,False,False
2025-06-25 16:13:40,1670,1000,53,53,59,False,False
2025-06-25 16:14:40,1670,1000,53,53,59,False,False
2025-06-25 16:15:40,1670,1000,92,255,190,True,True
2025-06-25 16:16:40,1670,1000,53,53,59,False,False
2025-06-25 16:17:41,1670,1000,53,53,59,False,False
2025-06-25 16:18:41,1670,1000,53,53,59,False,False
2025-06-25 16:19:41,1670,1000,53,53,59,False,False
2025-06-25 16:20:41,1670,1000,53,53,59,False,False
2025-06-25 16:21:41,1670,1000,53,53,59,False,False
2025-06-25 16:22:42,1670,1000,53,53,59,False,False
2025-06-25 16:23:42,1670,1000,53,53,59,False,False
2025-06-25 16:24:42,1670,1000,24,24,27,False,False
2025-06-25 16:25:42,1670,1000,53,53,59,False,False
2025-06-25 16:26:42,1670,1000,53,53,59,False,False
2025-06-25 16:27:43,1670,1000,53,53,59,False,False
2025-06-25 16:28:43,1670,1000,53,53,59,False,False
2025-06-25 16:29:43,1670,1000,24,24,27,False,False
2025-06-25 16:30:43,1670,1000,92,255,190,True,True
2025-06-25 16:31:44,1670,1000,53,53,59,False,False
2025-06-25 16:32:44,1670,1000,53,53,59,False,False
2025-06-25 16:33:44,1670,1000,53,53,59,False,False
2025-06-25 16:34:44,1670,1000,24,24,27,False,False
2025-06-25 16:35:44,1670,1000,53,53,59,False,False
2025-06-25 16:36:45,1670,1000,53,53,59,False,False
2025-06-25 16:37:45,1670,1000,53,53,59,False,False
2025-06-25 16:38:45,1670,1000,53,53,59,False,False
2025-06-25 16:39:45,1670,1000,24,24,27,False,False
2025-06-25 16:40:45,1670,1000,53,53,59,False,False
2025-06-25 16:41:46,1670,1000,53,53,59,False,False
2025-06-25 16:42:46,1670,1000,53,53,59,False,False
2025-06-25 16:43:46,1670,1000,53,53,59,False,False
2025-06-25 16:44:46,1670,1000,42,38,53,False,False
2025-06-25 16:45:47,1670,1000,92,255,190,True,True
2025-06-25 16:46:47,1670,1000,53,53,59,False,False
2025-06-25 16:47:47,1670,1000,53,53,59,False,False
2025-06-25 16:48:47,1670,1000,53,53,59,False,False
2025-06-25 16:49:47,1670,1000,191,148,255,False,False
2025-06-25 16:50:48,1670,1000,53,53,59,False,False
2025-06-25 16:51:48,1670,1000,53,53,59,False,False
2025-06-25 16:52:48,1670,1000,53,53,59,False,False
2025-06-25 16:53:48,1670,1000,53,53,59,False,False
2025-06-25 16:54:48,1670,1000,53,53,59,False,False
2025-06-25 16:55:49,1670,1000,53,53,59,False,False
2025-06-25 16:56:49,1670,1000,53,53,59,False,False
2025-06-25 16:57:49,1670,1000,53,53,59,False,False
2025-06-25 16:58:50,1670,1000,53,53,59,False,False
2025-06-25 16:59:50,1670,1000,92,255,190,True,True
2025-06-25 17:00:50,1670,1000,53,53,59,False,False
2025-06-25 17:01:50,1670,1000,53,53,59,False,False
2025-06-25 17:02:50,1670,1000,53,53,59,False,False
2025-06-25 17:03:51,1670,1000,53,53,59,False,False
2025-06-25 17:04:51,1670,1000,53,53,59,False,False
2025-06-25 17:05:51,1670,1000,53,53,59,False,False
2025-06-25 17:06:51,1670,1000,53,53,59,False,False
2025-06-25 17:07:51,1670,1000,53,53,59,False,False
2025-06-25 17:08:52,1670,1000,53,53,59,False,False
2025-06-25 17:09:52,1670,1000,53,53,59,False,False
2025-06-25 17:10:52,1670,1000,53,53,59,False,False
2025-06-25 17:11:52,1670,1000,53,53,59,False,False
2025-06-25 17:12:52,1670,1000,53,53,59,False,False
2025-06-25 17:13:53,1670,1000,53,53,59,False,False
2025-06-25 17:14:53,1670,1000,92,255,190,True,True
2025-06-25 17:15:53,1670,1000,53,53,59,False,False
2025-06-25 17:16:53,1670,1000,53,53,59,False,False
2025-06-25 17:17:54,1670,1000,53,53,59,False,False
2025-06-25 17:18:54,1670,1000,53,53,59,False,False
2025-06-25 17:19:54,1670,1000,53,53,59,False,False
2025-06-25 17:20:54,1670,1000,53,53,59,False,False
2025-06-25 17:21:54,1670,1000,53,53,59,False,False
2025-06-25 17:22:55,1670,1000,53,53,59,False,False
2025-06-25 17:23:55,1670,1000,53,53,59,False,False
2025-06-25 17:24:55,1670,1000,53,53,59,False,False
2025-06-25 17:25:55,1670,1000,36,36,39,False,False
2025-06-25 17:26:55,1670,1000,53,53,59,False,False
2025-06-25 17:27:56,1670,1000,53,53,59,False,False
2025-06-25 17:28:56,1670,1000,53,53,59,False,False
2025-06-25 17:29:56,1670,1000,92,255,190,True,True
2025-06-25 17:30:56,1670,1000,53,53,59,False,False
2025-06-25 17:31:56,1670,1000,53,53,59,False,False
2025-06-25 17:32:57,1670,1000,53,53,59,False,False
2025-06-25 17:33:57,1670,1000,53,53,59,False,False
2025-06-25 17:34:57,1670,1000,53,53,59,False,False
2025-06-25 17:35:57,1670,1000,53,53,59,False,False
2025-06-25 17:36:57,1670,1000,24,24,27,False,False
2025-06-25 17:37:58,1670,1000,24,24,27,False,False
2025-06-25 17:38:58,1670,1000,24,24,27,False,False
2025-06-29 01:05:11,1670,1000,0,0,0,False,False
2025-06-29 01:08:11,1670,1000,24,24,27,False,False
2025-06-29 01:11:12,1670,1000,24,24,27,False,False
2025-06-29 01:14:12,1670,1000,24,24,27,False,False
2025-06-29 01:17:12,1670,1000,24,24,27,False,False
2025-06-29 01:20:12,1670,1000,0,219,132,True,True
2025-06-29 01:23:13,1670,1000,53,53,59,False,False
2025-06-29 01:26:13,1670,1000,53,53,59,False,False
2025-06-29 01:29:13,1670,1000,53,53,59,False,False
2025-06-29 01:32:14,1670,1000,53,53,59,False,False
2025-06-29 01:35:14,1670,1000,92,255,190,True,True
2025-06-29 01:38:14,1670,1000,53,53,59,False,False
2025-06-29 01:41:15,1670,1000,53,53,59,False,False
2025-06-29 01:44:15,1670,1000,53,53,59,False,False
2025-06-29 01:47:15,1670,1000,53,53,59,False,False
<<<<<<< HEAD
2025-06-30 13:53:17,1670,1000,239,216,244,False,False
2025-06-30 13:56:18,1670,1000,0,219,132,True,True
2025-06-30 13:59:18,1670,1000,53,53,59,False,False
2025-06-30 14:02:18,1670,1000,53,53,59,False,False
2025-06-30 14:05:18,1670,1000,53,53,59,False,False
2025-06-30 14:08:19,1670,1000,53,53,59,False,False
2025-06-30 14:11:19,1670,1000,92,255,190,True,True
2025-06-30 14:14:19,1670,1000,53,53,59,False,False
2025-06-30 14:17:20,1670,1000,53,53,59,False,False
2025-06-30 14:20:20,1670,1000,53,53,59,False,False
2025-06-30 14:23:20,1670,1000,53,53,59,False,False
2025-06-30 14:26:21,1670,1000,92,255,190,True,True
2025-06-30 14:29:21,1670,1000,53,53,59,False,False
2025-06-30 14:32:21,1670,1000,53,53,59,False,False
2025-06-30 14:35:21,1670,1000,53,53,59,False,False
2025-06-30 14:38:22,1670,1000,53,53,59,False,False
2025-06-30 14:41:22,1670,1000,92,255,190,True,True
2025-06-30 14:44:22,1670,1000,53,53,59,False,False
2025-06-30 14:47:23,1670,1000,53,53,59,False,False
2025-06-30 14:50:23,1670,1000,53,53,59,False,False
2025-06-30 14:53:23,1670,1000,53,53,59,False,False
2025-06-30 14:56:23,1670,1000,92,255,190,True,True
2025-06-30 14:59:24,1670,1000,53,53,59,False,False
2025-06-30 15:02:24,1670,1000,53,53,59,False,False
2025-06-30 15:05:24,1670,1000,24,24,27,False,False
2025-06-30 15:08:25,1670,1000,24,24,27,False,False
2025-06-30 15:11:25,1670,1000,24,24,27,False,False
2025-06-30 15:14:25,1670,1000,24,24,27,False,False
2025-06-30 15:17:26,1670,1000,24,24,27,False,False
2025-06-30 15:20:26,1670,1000,24,24,27,False,False
2025-06-30 15:23:26,1670,1000,24,24,27,False,False
2025-06-30 15:26:27,1670,1000,24,24,27,False,False
2025-06-30 15:29:27,1670,1000,24,24,27,False,False
2025-06-30 15:32:27,1670,1000,24,24,27,False,False
2025-06-30 15:35:27,1670,1000,24,24,27,False,False
2025-06-30 15:38:28,1670,1000,24,24,27,False,False
2025-06-30 15:41:28,1670,1000,24,24,27,False,False
2025-06-30 15:44:28,1670,1000,24,24,27,False,False
2025-06-30 15:47:28,1670,1000,24,24,27,False,False
2025-06-30 15:50:29,1670,1000,24,24,27,False,False
2025-06-30 15:53:29,1670,1000,24,24,27,False,False
2025-06-30 15:56:29,1670,1000,0,219,132,True,True
2025-06-30 15:59:30,1670,1000,53,53,59,False,False
2025-06-30 16:02:30,1670,1000,53,53,59,False,False
2025-06-30 16:05:30,1670,1000,53,53,59,False,False
2025-06-30 16:08:30,1670,1000,53,53,59,False,False
2025-06-30 16:11:30,1670,1000,92,255,190,True,True
2025-06-30 16:14:31,1670,1000,53,53,59,False,False
2025-06-30 16:17:31,1670,1000,53,53,59,False,False
2025-06-30 16:20:31,1670,1000,53,53,59,False,False
2025-06-30 16:23:31,1670,1000,53,53,59,False,False
2025-06-30 16:26:32,1670,1000,53,53,59,False,False
2025-06-30 16:29:32,1670,1000,53,53,59,False,False
2025-06-30 16:32:32,1670,1000,53,53,59,False,False
2025-06-30 16:35:32,1670,1000,53,53,59,False,False
2025-06-30 16:38:32,1670,1000,53,53,59,False,False
2025-06-30 16:41:33,1670,1000,53,53,59,False,False
2025-06-30 16:44:33,1670,1000,53,53,59,False,False
2025-06-30 16:47:33,1670,1000,53,53,59,False,False
2025-06-30 16:50:33,1670,1000,53,53,59,False,False
2025-06-30 16:53:34,1670,1000,53,53,59,False,False
2025-06-30 16:56:34,1670,1000,92,255,190,True,True
2025-06-30 16:59:34,1670,1000,53,53,59,False,False
2025-06-30 17:02:35,1670,1000,53,53,59,False,False
2025-06-30 17:05:35,1670,1000,53,53,59,False,False
2025-06-30 17:08:35,1670,1000,53,53,59,False,False
2025-06-30 17:11:35,1670,1000,92,255,190,True,True
2025-06-30 17:14:36,1670,1000,53,53,59,False,False
2025-06-30 17:17:36,1670,1000,53,53,59,False,False
2025-06-30 17:20:36,1670,1000,53,53,59,False,False
2025-06-30 17:23:37,1670,1000,53,53,59,False,False
2025-06-30 17:26:37,1670,1000,92,255,190,True,True
2025-06-30 17:29:37,1670,1000,53,53,59,False,False
2025-06-30 17:32:37,1670,1000,53,53,59,False,False
2025-06-30 17:35:38,1670,1000,53,53,59,False,False
2025-06-30 17:38:38,1670,1000,53,53,59,False,False
2025-06-30 17:41:38,1670,1000,92,255,190,True,True
2025-06-30 17:44:39,1670,1000,20,64,48,False,False
2025-06-30 17:47:39,1670,1000,53,53,59,False,False
2025-06-30 17:50:39,1670,1000,53,53,59,False,False
2025-06-30 17:53:40,1670,1000,53,53,59,False,False
=======
>>>>>>> 03eb06135a3771c47b6f836b619194e4472a461a
>>>>>>> 88b60efb9609c08efd465b9549da511fa24c3b86
2025-07-01 23:56:14,1670,1000,236,216,244,False,False
2025-07-01 23:59:14,1670,1000,0,219,132,True,True
2025-07-02 00:02:15,1670,1000,53,53,59,False,False
2025-07-02 00:05:15,1670,1000,53,53,59,False,False
2025-07-02 00:08:15,1670,1000,53,53,59,False,False
2025-07-02 00:11:15,1670,1000,53,53,59,False,False
2025-07-02 00:14:16,1670,1000,92,255,190,True,True
2025-07-02 00:17:16,1670,1000,53,53,59,False,False
2025-07-02 00:20:16,1670,1000,53,53,59,False,False
2025-07-02 00:23:16,1670,1000,53,53,59,False,False
2025-07-02 00:26:17,1670,1000,53,53,59,False,False
2025-07-02 00:29:17,1670,1000,92,255,190,True,True
2025-07-02 00:32:17,1670,1000,53,53,59,False,False
2025-07-02 00:35:18,1670,1000,53,53,59,False,False
2025-07-02 00:38:18,1670,1000,53,53,59,False,False
2025-07-02 00:41:18,1670,1000,53,53,59,False,False
2025-07-02 00:44:19,1670,1000,92,255,190,True,True
2025-07-02 00:47:19,1670,1000,53,53,59,False,False
2025-07-02 00:50:19,1670,1000,53,53,59,False,False
2025-07-02 00:53:19,1670,1000,53,53,59,False,False
2025-07-02 00:56:20,1670,1000,53,53,59,False,False
2025-07-02 00:59:20,1670,1000,92,255,190,True,True
2025-07-02 01:02:20,1670,1000,53,53,59,False,False
2025-07-02 01:05:21,1670,1000,53,53,59,False,False
2025-07-02 01:08:21,1670,1000,53,53,59,False,False
2025-07-02 01:11:21,1670,1000,53,53,59,False,False
2025-07-02 01:14:21,1670,1000,92,255,190,True,True
2025-07-02 01:17:22,1670,1000,53,53,59,False,False
2025-07-02 01:20:22,1670,1000,53,53,59,False,False
2025-07-02 01:23:22,1670,1000,53,53,59,False,False
2025-07-02 01:26:23,1670,1000,53,53,59,False,False
2025-07-02 01:29:23,1670,1000,92,255,190,True,True
2025-07-02 01:32:23,1670,1000,53,53,59,False,False
2025-07-02 01:35:23,1670,1000,53,53,59,False,False
2025-07-02 01:38:24,1670,1000,53,53,59,False,False
2025-07-02 01:41:24,1670,1000,53,53,59,False,False
2025-07-02 01:44:24,1670,1000,92,255,190,True,True
2025-07-02 01:47:25,1670,1000,53,53,59,False,False
2025-07-02 01:50:25,1670,1000,53,53,59,False,False
2025-07-02 01:53:25,1670,1000,53,53,59,False,False
2025-07-02 01:56:26,1670,1000,53,53,59,False,False
2025-07-02 01:59:26,1670,1000,92,255,190,True,True
2025-07-02 02:02:26,1670,1000,53,53,59,False,False
2025-07-02 02:05:26,1670,1000,53,53,59,False,False
2025-07-02 02:08:27,1670,1000,53,53,59,False,False
2025-07-02 02:11:27,1670,1000,53,53,59,False,False
2025-07-02 02:14:27,1670,1000,92,255,190,True,True
2025-07-02 02:17:28,1670,1000,53,53,59,False,False
2025-07-02 02:20:28,1670,1000,53,53,59,False,False
2025-07-02 02:23:28,1670,1000,53,53,59,False,False
2025-07-02 13:45:24,1670,1000,53,53,59,False,False
2025-07-02 13:48:24,1670,1000,0,219,132,True,True
2025-07-02 13:51:25,1670,1000,53,53,59,False,False
2025-07-02 13:54:25,1670,1000,53,53,59,False,False
2025-07-02 13:57:25,1670,1000,53,53,59,False,False
2025-07-02 14:00:25,1670,1000,53,53,59,False,False
2025-07-02 14:03:26,1670,1000,92,255,190,True,True
2025-07-02 14:06:26,1670,1000,53,53,59,False,False
2025-07-02 14:09:26,1670,1000,53,53,59,False,False
2025-07-02 14:12:27,1670,1000,53,53,59,False,False
2025-07-02 14:15:27,1670,1000,53,53,59,False,False
2025-07-02 14:18:27,1670,1000,92,255,190,True,True
2025-07-02 14:21:27,1670,1000,53,53,59,False,False
2025-07-02 14:24:28,1670,1000,53,53,59,False,False
2025-07-02 14:27:28,1670,1000,53,53,59,False,False
2025-07-02 14:30:28,1670,1000,53,53,59,False,False
2025-07-02 14:33:29,1670,1000,92,255,190,True,True
2025-07-02 14:36:29,1670,1000,53,53,59,False,False
2025-07-02 14:39:29,1670,1000,53,53,59,False,False
2025-07-02 14:42:30,1670,1000,53,53,59,False,False
2025-07-02 14:45:30,1670,1000,53,53,59,False,False
2025-07-02 14:48:30,1670,1000,92,255,190,True,True
2025-07-02 14:51:30,1670,1000,53,53,59,False,False
2025-07-02 14:54:31,1670,1000,53,53,59,False,False
2025-07-02 14:57:31,1670,1000,53,53,59,False,False
2025-07-02 15:00:31,1670,1000,53,53,59,False,False
2025-07-02 15:03:32,1670,1000,92,255,190,True,True
2025-07-02 15:06:32,1670,1000,53,53,59,False,False
2025-07-02 15:09:32,1670,1000,53,53,59,False,False
2025-07-02 15:12:33,1670,1000,53,53,59,False,False
2025-07-02 15:15:33,1670,1000,53,53,59,False,False
2025-07-02 15:18:33,1670,1000,92,255,190,True,True
2025-07-02 15:21:33,1670,1000,53,53,59,False,False
